Activity Type,Date,Favorite,Title,Distance,Calories,Time,Avg HR,Max HR,Aerobic TE,Avg Run Cadence,Max Run Cadence,Avg Pace,Best Pace,Elev Gain,Elev Loss,Avg Stride Length,Avg Vertical Ratio,Avg Vertical Oscillation,Training Stress Score®,Grit,Flow,Bottom Time,Min Temp,Surface Interval,Decompression,Best Lap Time,Number of Runs,Max Temp
running,2019-10-24 08:16:43,false,"New York Running","3.06","240","00:27:12","158","179","3.4","173","183","8:53","7:23","36","31","1.05","0.0","0.0","0.0","0.0","0.0","0:00","0.0","0:00","No","00:32.15","4","0.0"
running,2019-10-23 19:04:26,false,"New York Running","5.31","465","00:45:48","170","186","4.7","171","183","8:38","7:19","85","36","1.09","0.0","0.0","0.0","0.0","0.0","0:00","0.0","0:00","No","02:52.29","6","0.0"
running,2019-10-20 13:08:49,false,"New York Running","3.21","280","00:28:32","162","181","3.6","167","179","8:54","7:46","29","25","1.08","0.0","0.0","0.0","0.0","0.0","0:00","0.0","0:00","No","01:57.82","4","0.0"
running,2019-10-20 09:25:18,false,"New York Running","0.22","20","00:02:02.0","168","187","1.4","179","189","9:24","8:36","--","--","0.96","0.0","0.0","0.0","0.0","0.0","0:00","0.0","0:00","No","00:00.00","1","0.0"
running,2019-10-19 10:36:03,false,"New York Running","1.35","99","00:11:08","149","177","2.3","172","177","8:15","7:58","--","3","1.13","0.0","0.0","0.0","0.0","0.0","0:00","0.0","0:00","No","02:52.64","2","0.0"
running,2019-10-19 09:33:36,false,"New York Running","3.27","147","00:19:47","139","164","2.2","180","202","6:03","5:24","3","3","1.48","0.0","0.0","0.0","0.0","0.0","0:00","0.0","0:00","No","01:39.63","4","0.0"
running,2019-10-19 08:52:55,false,"New York Running","1.32","80","00:10:36","141","181","2.0","171","199","8:03","6:59","--","33","1.17","0.0","0.0","0.0","0.0","0.0","0:00","0.0","0:00","No","02:25.47","2","0.0"
running,2019-10-18 08:35:43,false,"New York Running","3.11","292","00:29:05","172","203","4.0","173","187","9:21","8:27","26","26","0.99","0.0","0.0","0.0","0.0","0.0","0:00","0.0","0:00","No","01:02.99","4","0.0"
running,2019-10-16 20:18:09,false,"New York Running","1.00","75","00:08:37.0","150","160","2.1","174","190","8:35","6:47","15","--","1.08","0.0","0.0","0.0","0.0","0.0","0:00","0.0","0:00","No","00:03.36","2","0.0"
running,2019-10-16 19:55:35,false,"New York Running","2.75","141","00:17:26","147","175","2.5","178","197","6:20","5:13","--","--","1.42","0.0","0.0","0.0","0.0","0.0","0:00","0.0","0:00","No","00:02.83","11","0.0"
running,2019-10-16 19:43:50,false,"New York Running","1.31","76","00:10:33","134","146","1.8","172","197","8:04","7:05","--","7","1.16","0.0","0.0","0.0","0.0","0.0","0:00","0.0","0:00","No","02:19.85","2","0.0"
running,2019-10-15 17:08:45,false,"New York Running","5.01","359","00:37:22","169","189","4.3","176","195","7:28","6:32","73","118","1.23","0.0","0.0","0.0","0.0","0.0","0:00","0.0","0:00","No","00:02.79","6","0.0"
running,2019-10-14 08:38:32,false,"New York Running","0.41","33","00:03:53.8","150","156","1.5","175","179","9:24","8:38","--","--","0.98","0.0","0.0","0.0","0.0","0.0","0:00","0.0","0:00","No","00:00.00","1","0.0"
running,2019-10-14 08:01:31,false,"New York Running","0.32","22","00:02:58.6","139","159","1.3","174","181","9:24","8:07","--","--","0.98","0.0","0.0","0.0","0.0","0.0","0:00","0.0","0:00","No","00:00.00","1","0.0"
running,2019-10-13 11:33:02,false,"New York Running","0.14","8","00:01:06.2","152","167","1.1","183","191","7:38","7:45","--","--","1.16","0.0","0.0","0.0","0.0","0.0","0:00","0.0","0:00","No","00:00.00","1","0.0"
running,2019-10-13 10:59:07,false,"New York Running","3.01","202","00:23:25","157","171","3.1","175","199","7:47","5:53","56","--","1.18","0.0","0.0","0.0","0.0","0.0","0:00","0.0","0:00","No","00:05.51","4","0.0"
running,2019-10-13 09:21:25,false,"New York Running","0.61","42","00:05:15.0","146","185","1.7","181","191","8:36","7:50","--","--","1.03","0.0","0.0","0.0","0.0","0.0","0:00","0.0","0:00","No","00:00.00","1","0.0"
running,2019-10-12 12:42:41,false,"New York Running","7.11","531","01:02:48","159","187","4.0","171","180","8:50","7:35","204","148","1.07","0.0","0.0","0.0","0.0","0.0","0:00","0.0","0:00","No","00:40.76","8","0.0"
running,2019-10-12 10:49:12,false,"New York Running","0.41","35","00:04:13.0","151","177","1.6","172","179","10:20","9:06","7","--","0.91","0.0","0.0","0.0","0.0","0.0","0:00","0.0","0:00","No","00:00.00","1","0.0"
running,2019-10-12 10:27:07,false,"New York Running","0.30","20","00:02:47.8","138","162","1.2","181","192","9:16","7:25","--","--","0.96","0.0","0.0","0.0","0.0","0.0","0:00","0.0","0:00","No","00:00.00","1","0.0"
running,2019-10-10 08:31:38,false,"New York Running","1.00","84","00:08:48.1","169","187","2.5","174","183","8:46","7:19","10","7","1.06","0.0","0.0","0.0","0.0","0.0","0:00","0.0","0:00","No","00:02.98","2","0.0"
running,2019-10-10 07:56:22,false,"New York Running","4.01","260","00:29:09","162","177","3.5","175","199","7:16","5:41","76","79","1.26","0.0","0.0","0.0","0.0","0.0","0:00","0.0","0:00","No","00:03.41","5","0.0"
running,2019-10-09 07:52:15,false,"New York Running","5.22","432","00:45:17","167","194","4.6","173","187","8:41","7:53","185","185","1.07","0.0","0.0","0.0","0.0","0.0","0:00","0.0","0:00","No","01:55.93","6","0.0"
running,2019-10-06 11:32:06,false,"New York Running","4.21","323","00:36:32","158","188","3.5","172","182","8:40","7:49","80","80","1.08","0.0","0.0","0.0","0.0","0.0","0:00","0.0","0:00","No","01:57.11","5","0.0"
running,2019-10-05 08:05:31,false,"New York Running","5.81","414","00:45:41","163","185","4.1","174","240","7:52","6:49","195","189","1.18","0.0","0.0","0.0","0.0","0.0","0:00","0.0","0:00","No","06:25.32","6","0.0"
running,2019-10-03 09:19:41,false,"New York Running","1.51","122","00:11:57","178","186","3.1","173","180","7:55","1:02","24","17","1.18","0.0","0.0","0.0","0.0","0.0","0:00","0.0","0:00","No","04:09.18","2","0.0"
running,2019-10-03 08:41:32,false,"New York Running","4.51","327","00:33:45","170","204","4.3","173","180","7:29","6:36","149","148","1.24","0.0","0.0","0.0","0.0","0.0","0:00","0.0","0:00","No","00:02.47","6","0.0"
running,2019-10-01 12:40:39,false,"Jaipur Running","4.51","355","00:36:51","170","185","4.3","167","177","8:11","7:18","24","26","1.18","0.0","0.0","0.0","0.0","0.0","0:00","0.0","0:00","No","04:03.10","5","0.0"
running,2019-09-29 14:45:42,false,"Jaipur Running","1.12","76","00:08:34.2","161","180","2.3","166","177","7:40","7:11","8","10","1.25","0.0","0.0","0.0","0.0","0.0","0:00","0.0","0:00","No","00:52.20","2","0.0"
treadmill_running,2019-09-25 08:51:11,false,"Treadmill Running","4.61","362","00:45:31","147","163","3.2","160","176","9:52","8:32","--","--","1.02","0.0","0.0","0.0","0.0","0.0","0:00","0.0","0:00","No","06:04.87","5","0.0"
running,2019-09-23 11:22:57,false,"New York Running","6.31","484","00:56:03","158","180","3.7","171","182","8:53","8:00","183","178","1.06","0.0","0.0","0.0","0.0","0.0","0:00","0.0","0:00","No","02:53.24","7","0.0"
running,2019-09-21 12:08:24,false,"New York Running","7.21","560","01:04:09","156","178","3.7","170","181","8:54","7:00","147","157","1.06","0.0","0.0","0.0","0.0","0.0","0:00","0.0","0:00","No","01:55.27","8","0.0"
running,2019-09-19 11:04:09,false,"New York Running","0.81","71","00:06:51.0","174","188","2.4","170","177","8:25","7:37","--","--","1.13","0.0","0.0","0.0","0.0","0.0","0:00","0.0","0:00","No","00:00.00","1","0.0"
running,2019-09-19 09:52:17,false,"New York Running","5.52","352","00:39:44","156","184","3.8","177","200","7:12","2:02","40","30","1.27","0.0","0.0","0.0","0.0","0.0","0:00","0.0","0:00","No","03:33.68","6","0.0"
running,2019-09-17 20:06:04,false,"New York Running","4.01","298","00:34:33","154","179","3.3","169","179","8:37","7:46","68","65","1.10","0.0","0.0","0.0","0.0","0.0","0:00","0.0","0:00","No","00:02.98","5","0.0"
running,2019-09-15 19:35:33,false,"New York Running","6.01","423","00:51:11","152","187","3.4","169","185","8:31","6:35","200","200","1.12","0.0","0.0","0.0","0.0","0.0","0:00","0.0","0:00","No","00:03.41","7","0.0"
running,2019-09-13 12:05:12,false,"New York Running","6.11","467","00:49:54","166","189","4.4","172","188","8:10","7:23","147","150","1.15","0.0","0.0","0.0","0.0","0.0","0:00","0.0","0:00","No","00:57.77","7","0.0"
running,2019-09-11 09:47:37,false,"New York Running","5.01","393","00:43:42","160","186","3.8","172","184","8:44","6:53","116","119","1.07","0.0","0.0","0.0","0.0","0.0","0:00","0.0","0:00","No","00:05.28","6","0.0"
running,2019-09-09 10:33:30,false,"New York Running","3.11","228","00:29:06","141","167","2.6","172","180","9:22","8:00","31","35","1.00","0.0","0.0","0.0","0.0","0.0","0:00","0.0","0:00","No","01:02.20","4","0.0"
running,2019-09-08 10:36:33,false,"New York Running","1.02","88","00:09:40.8","157","182","2.3","169","179","9:28","8:27","11","--","1.01","0.0","0.0","0.0","0.0","0.0","0:00","0.0","0:00","No","00:11.53","2","0.0"
running,2019-09-08 08:55:36,false,"New York Running","0.30","23","00:02:47.0","151","187","1.4","173","247","9:20","8:10","31","--","1.00","0.0","0.0","0.0","0.0","0.0","0:00","0.0","0:00","No","00:00.00","1","0.0"
running,2019-09-08 08:35:06,false,"New York Running","0.99","47","00:05:32.3","149","158","1.7","195","207","5:34","4:56","15","46","1.48","0.0","0.0","0.0","0.0","0.0","0:00","0.0","0:00","No","00:00.00","1","0.0"
running,2019-09-08 07:54:45,false,"New York Running","2.09","149","00:16:53","155","180","2.8","174","193","8:04","6:38","86","34","1.15","0.0","0.0","0.0","0.0","0.0","0:00","0.0","0:00","No","00:48.68","3","0.0"
running,2019-09-05 19:41:21,false,"New York Running","3.56","263","00:29:47","154","190","3.2","178","214","8:23","6:22","102","64","1.08","0.0","0.0","0.0","0.0","0.0","0:00","0.0","0:00","No","04:23.42","4","0.0"
running,2019-09-04 19:09:07,false,"Running","1.11","92","00:09:32.8","166","176","2.4","173","184","8:35","7:49","--","--","1.08","0.0","0.0","0.0","0.0","0.0","0:00","0.0","0:00","No","01:03.70","2","0.0"
running,2019-09-04 18:28:10,false,"New York Running","3.51","232","00:22:40","179","197","4.0","176","203","6:27","4:57","--","--","1.41","0.0","0.0","0.0","0.0","0.0","0:00","0.0","0:00","No","00:17.41","27","0.0"
running,2019-09-04 18:05:08,false,"New York Running","1.44","111","00:12:26","155","170","2.4","167","235","8:38","7:07","--","--","1.12","0.0","0.0","0.0","0.0","0.0","0:00","0.0","0:00","No","04:10.07","2","0.0"
running,2019-09-03 18:33:44,false,"New York Running","5.01","360","00:37:56","165","182","4.0","173","193","7:34","6:40","166","143","1.23","0.0","0.0","0.0","0.0","0.0","0:00","0.0","0:00","No","00:02.43","6","0.0"
running,2019-09-02 18:33:11,false,"New York Running","4.01","299","00:34:23","153","184","3.3","170","181","8:35","7:19","78","70","1.10","0.0","0.0","0.0","0.0","0.0","0:00","0.0","0:00","No","00:03.43","5","0.0"
running,2019-09-01 12:04:16,false,"New York Running","4.61","328","00:35:40","162","189","3.8","174","200","7:44","6:02","7","23","1.20","0.0","0.0","0.0","0.0","0.0","0:00","0.0","0:00","No","04:23.74","5","0.0"
running,2019-09-01 09:30:11,false,"Running","0.21","12","00:01:40.9","135","150","1.1","177","191","7:50","7:27","--","--","1.16","0.0","0.0","0.0","0.0","0.0","0:00","0.0","0:00","No","00:00.00","1","0.0"
running,2019-08-29 09:51:33,false,"Amsterdam Running","1.01","82","00:08:03.6","175","187","2.6","177","187","8:01","7:01","21","--","1.14","0.0","0.0","0.0","0.0","0.0","0:00","0.0","0:00","No","00:02.50","2","0.0"
running,2019-08-29 09:16:18,false,"Amsterdam Running","4.01","281","00:29:51","169","196","4.0","178","202","7:27","5:25","5","27","1.21","0.0","0.0","0.0","0.0","0.0","0:00","0.0","0:00","No","00:16.28","28","0.0"
running,2019-08-28 20:41:32,false,"Amsterdam Running","3.12","226","00:28:15","143","157","2.8","176","191","9:04","7:55","29","37","1.01","0.0","0.0","0.0","0.0","0.0","0:00","0.0","0:00","No","01:06.81","4","0.0"
running,2019-08-27 08:42:07,false,"Utrecht Running","3.41","252","00:30:47","147","165","3.0","180","194","9:01","7:56","--","--","0.99","0.0","0.0","0.0","0.0","0.0","0:00","0.0","0:00","No","03:57.18","4","0.0"
running,2019-08-26 08:56:02,false,"Utrecht Running","3.91","282","00:30:24","166","191","3.8","177","200","7:46","6:58","23","21","1.17","0.0","0.0","0.0","0.0","0.0","0:00","0.0","0:00","No","06:38.43","4","0.0"
running,2019-08-25 18:40:07,false,"Utrecht Running","6.01","472","00:56:11","153","178","3.5","176","242","9:21","7:35","29","34","0.98","0.0","0.0","0.0","0.0","0.0","0:00","0.0","0:00","No","00:07.100","7","0.0"
running,2019-08-23 17:24:36,false,"New York Running","3.71","295","00:31:23","164","194","3.6","174","241","8:27","6:27","16","23","1.10","0.0","0.0","0.0","0.0","0.0","0:00","0.0","0:00","No","06:26.01","4","0.0"
running,2019-08-22 09:41:41,false,"New York Running","0.81","67","00:07:15.2","160","170","2.1","175","183","8:58","8:19","--","18","1.02","0.0","0.0","0.0","0.0","0.0","0:00","0.0","0:00","No","00:00.00","1","0.0"
running,2019-08-22 08:54:42,false,"New York Running","4.26","289","00:30:24","168","180","3.8","176","192","7:08","6:24","157","112","1.28","0.0","0.0","0.0","0.0","0.0","0:00","0.0","0:00","No","00:01.54","9","0.0"
running,2019-08-20 19:04:18,false,"New York Running","1.51","116","00:12:41","161","171","2.6","172","192","8:24","7:32","16","--","1.12","0.0","0.0","0.0","0.0","0.0","0:00","0.0","0:00","No","04:09.47","2","0.0"
running,2019-08-20 18:51:59,false,"New York Running","1.02","67","00:06:49.7","176","186","2.4","176","200","6:41","5:04","--","--","1.36","0.0","0.0","0.0","0.0","0.0","0:00","0.0","0:00","No","00:07.75","6","0.0"
running,2019-08-20 18:21:52,false,"New York Running","3.17","209","00:22:00","169","202","3.5","173","214","6:57","4:29","--","11","1.33","0.0","0.0","0.0","0.0","0.0","0:00","0.0","0:00","No","00:00.63","11","0.0"
running,2019-08-18 09:04:26,false,"New York Running","4.21","302","00:37:22","150","174","3.0","172","236","8:53","6:51","194","105","1.05","0.0","0.0","0.0","0.0","0.0","0:00","0.0","0:00","No","02:09.60","5","0.0"
running,2019-08-16 12:47:05,false,"New York Running","1.32","112","00:11:26","168","193","2.8","174","187","8:39","6:27","26","18","1.07","0.0","0.0","0.0","0.0","0.0","0:00","0.0","0:00","No","02:45.34","2","0.0"
running,2019-08-16 11:37:49,false,"New York Running","5.72","364","00:42:02","159","183","3.8","175","217","7:21","4:40","--","18","1.24","0.0","0.0","0.0","0.0","0.0","0:00","0.0","0:00","No","00:13.12","30","0.0"
running,2019-08-15 20:13:42,false,"New York Running","3.15","230","00:28:31","145","165","2.8","171","179","9:03","8:17","67","73","1.04","0.0","0.0","0.0","0.0","0.0","0:00","0.0","0:00","No","01:23.14","4","0.0"
running,2019-08-14 10:47:54,false,"New York Running","1.11","88","00:09:48.9","158","169","2.3","176","190","8:51","8:13","12","60","1.03","0.0","0.0","0.0","0.0","0.0","0:00","0.0","0:00","No","00:54.96","2","0.0"
running,2019-08-14 10:03:42,false,"New York Running","4.51","316","00:33:56","168","187","4.0","175","196","7:31","6:09","160","73","1.22","0.0","0.0","0.0","0.0","0.0","0:00","0.0","0:00","No","00:01.99","24","0.0"
running,2019-08-12 10:11:07,false,"New York Running","5.01","364","00:42:17","156","178","3.5","173","188","8:27","7:29","140","144","1.10","0.0","0.0","0.0","0.0","0.0","0:00","0.0","0:00","No","00:03.86","6","0.0"
running,2019-08-10 09:45:34,false,"New York Running","5.41","411","00:43:10","167","188","4.2","175","200","7:58","6:36","161","154","1.15","0.0","0.0","0.0","0.0","0.0","0:00","0.0","0:00","No","02:58.75","6","0.0"
running,2019-08-09 10:52:36,false,"New York Running","3.41","258","00:31:08","147","179","3.0","174","184","9:08","8:06","115","119","1.01","0.0","0.0","0.0","0.0","0.0","0:00","0.0","0:00","No","04:02.95","4","0.0"
running,2019-08-08 18:03:43,false,"New York Running","1.00","87","00:09:08.3","166","184","2.4","170","178","9:06","7:36","--","18","1.04","0.0","0.0","0.0","0.0","0.0","0:00","0.0","0:00","No","00:02.29","2","0.0"
running,2019-08-08 17:23:21,false,"New York Running","4.04","284","00:29:31","166","190","3.8","174","240","7:18","5:45","23","26","1.26","0.0","0.0","0.0","0.0","0.0","0:00","0.0","0:00","No","00:19.46","5","0.0"
running,2019-08-06 16:59:05,false,"New York Running","3.11","238","00:29:40","143","176","2.8","169","180","9:33","7:22","13","20","1.00","0.0","0.0","0.0","0.0","0.0","0:00","0.0","0:00","No","01:06.18","4","0.0"
running,2019-08-03 09:10:14,false,"New York Running","6.11","428","00:53:37","149","167","3.2","175","200","8:46","3:27","4,331","4,331","1.05","0.0","0.0","0.0","0.0","0.0","0:00","0.0","0:00","No","00:59.85","7","0.0"
running,2019-08-01 19:57:44,false,"New York Running","0.54","42","00:05:01.3","148","156","1.7","171","183","9:16","8:35","--","--","1.02","0.0","0.0","0.0","0.0","0.0","0:00","0.0","0:00","No","00:00.00","1","0.0"
running,2019-08-01 19:35:45,false,"New York Running","1.04","86","00:09:12.0","164","175","2.4","169","179","8:53","6:42","--","--","1.07","0.0","0.0","0.0","0.0","0.0","0:00","0.0","0:00","No","00:20.67","2","0.0"
running,2019-08-01 19:05:05,false,"New York Running","4.02","288","00:28:52","174","189","4.2","172","192","7:11","5:16","--","--","1.30","0.0","0.0","0.0","0.0","0.0","0:00","0.0","0:00","No","00:26.30","14","0.0"
running,2019-07-30 11:47:57,false,"New York Running","2.21","162","00:16:52","169","193","3.2","176","194","7:38","6:09","--","61","1.20","0.0","0.0","0.0","0.0","0.0","0:00","0.0","0:00","No","01:29.50","5","0.0"
running,2019-07-30 11:26:18,false,"New York Running","2.03","156","00:17:42","158","186","3.0","172","188","8:43","6:23","143","51","1.08","0.0","0.0","0.0","0.0","0.0","0:00","0.0","0:00","No","00:06.16","5","0.0"
running,2019-07-29 08:22:08,false,"New York Running","4.11","298","00:33:52","158","187","3.5","172","182","8:14","7:04","56","59","1.13","0.0","0.0","0.0","0.0","0.0","0:00","0.0","0:00","No","00:56.77","5","0.0"
running,2019-07-27 09:29:50,false,"New York Running","7.01","534","01:00:41","159","181","4.0","173","188","8:39","6:32","155","174","1.08","0.0","0.0","0.0","0.0","0.0","0:00","0.0","0:00","No","00:11.13","8","0.0"
running,2019-07-25 19:14:42,false,"New York Running","0.41","33","00:03:30.8","167","176","1.7","176","188","8:39","8:04","--","--","1.06","0.0","0.0","0.0","0.0","0.0","0:00","0.0","0:00","No","00:00.00","1","0.0"
running,2019-07-25 18:35:38,false,"New York Running","4.26","308","00:33:51","166","190","3.9","173","209","7:57","4:57","--","--","1.16","0.0","0.0","0.0","0.0","0.0","0:00","0.0","0:00","No","00:08.05","23","0.0"
running,2019-07-24 10:16:41,false,"New York Running","4.11","303","00:35:16","154","170","3.4","170","184","8:35","7:22","74","74","1.10","0.0","0.0","0.0","0.0","0.0","0:00","0.0","0:00","No","00:55.95","5","0.0"
running,2019-07-23 09:53:55,false,"New York Running","0.91","75","00:08:02.1","165","180","2.3","172","179","8:49","8:14","3","--","1.06","0.0","0.0","0.0","0.0","0.0","0:00","0.0","0:00","No","00:00.00","1","0.0"
running,2019-07-23 09:14:33,false,"New York Running","4.11","275","00:30:36","163","195","3.7","175","193","7:27","6:06","137","142","1.23","0.0","0.0","0.0","0.0","0.0","0:00","0.0","0:00","No","01:01.06","14","0.0"
running,2019-07-21 08:03:00,false,"New York Running","4.42","322","00:38:01","156","182","3.4","175","188","8:36","7:33","146","139","1.07","0.0","0.0","0.0","0.0","0.0","0:00","0.0","0:00","No","03:38.07","5","0.0"
running,2019-07-20 11:14:05,false,"New York Running","3.02","224","00:25:42","157","182","3.3","173","185","8:31","7:21","418","402","1.10","0.0","0.0","0.0","0.0","0.0","0:00","0.0","0:00","No","00:09.57","4","0.0"
running,2019-07-18 19:49:58,false,"New York Running","1.01","85","00:08:49.2","171","180","2.5","168","175","8:44","7:45","--","--","1.10","0.0","0.0","0.0","0.0","0.0","0:00","0.0","0:00","No","00:04.73","2","0.0"
running,2019-07-18 19:06:35,false,"New York Running","4.55","293","00:31:42","171","195","4.0","175","205","6:59","5:11","--","--","1.31","0.0","0.0","0.0","0.0","0.0","0:00","0.0","0:00","No","00:05.63","18","0.0"
running,2019-07-16 18:58:58,false,"New York Running","5.00","381","00:41:07","165","189","4.3","173","194","8:13","7:00","93","97","1.13","0.0","0.0","0.0","0.0","0.0","0:00","0.0","0:00","No","00:02.66","6","0.0"
running,2019-07-15 10:09:19,false,"New York Running","5.41","403","00:45:22","162","198","4.1","173","207","8:23","7:46","165","117","1.11","0.0","0.0","0.0","0.0","0.0","0:00","0.0","0:00","No","03:41.02","6","0.0"
running,2019-07-14 10:23:04,false,"New York Running","3.01","213","00:23:35","164","196","3.4","177","205","7:50","6:53","49","193","1.16","0.0","0.0","0.0","0.0","0.0","0:00","0.0","0:00","No","00:02.55","4","0.0"
running,2019-07-13 10:44:31,false,"New York Running","4.00","301","00:32:59","165","193","3.8","178","231","8:14","6:35","63","89","1.10","0.0","0.0","0.0","0.0","0.0","0:00","0.0","0:00","No","00:01.98","5","0.0"
running,2019-07-12 09:35:57,false,"New York Running","5.01","376","00:42:14","163","185","3.9","172","183","8:26","7:47","123","137","1.11","0.0","0.0","0.0","0.0","0.0","0:00","0.0","0:00","No","00:02.25","6","0.0"
running,2019-07-10 20:02:00,false,"New York Running","3.31","236","00:27:51","154","168","3.1","170","240","8:25","7:32","57","10","1.13","0.0","0.0","0.0","0.0","0.0","0:00","0.0","0:00","No","02:31.22","4","0.0"
running,2019-07-08 20:55:14,false,"New York Running","0.43","27","00:02:47.2","173","183","1.7","186","192","6:27","6:06","16","--","1.34","0.0","0.0","0.0","0.0","0.0","0:00","0.0","0:00","No","00:00.00","1","0.0"
running,2019-07-08 19:39:10,false,"New York Running","4.89","325","00:34:50","171","190","4.2","180","195","7:07","6:03","67","118","1.25","0.0","0.0","0.0","0.0","0.0","0:00","0.0","0:00","No","06:15.97","5","0.0"
running,2019-07-07 10:17:01,false,"New York Running","0.61","46","00:05:24.4","158","166","1.9","176","188","8:49","7:46","--","--","1.04","0.0","0.0","0.0","0.0","0.0","0:00","0.0","0:00","No","00:00.00","1","0.0"
running,2019-07-07 09:11:07,false,"New York Running","5.52","402","00:45:51","165","186","4.0","176","192","8:18","6:59","140","104","1.10","0.0","0.0","0.0","0.0","0.0","0:00","0.0","0:00","No","04:43.08","6","0.0"
running,2019-07-05 19:43:03,false,"New York Running","3.52","248","00:28:46","161","190","3.4","170","183","8:10","6:46","63","--","1.16","0.0","0.0","0.0","0.0","0.0","0:00","0.0","0:00","No","04:03.72","4","0.0"
running,2019-07-03 11:29:24,false,"New York Running","4.51","305","00:37:30","157","179","3.6","172","188","8:19","7:44","129","129","1.12","0.0","0.0","0.0","0.0","0.0","0:00","0.0","0:00","No","04:11.27","5","0.0"
running,2019-07-01 19:03:22,false,"New York Running","6.00","505","00:53:29","171","190","4.9","176","194","8:55","6:17","118","123","1.03","0.0","0.0","0.0","0.0","0.0","0:00","0.0","0:00","No","00:01.89","7","0.0"
running,2019-06-30 12:47:03,false,"New York Running","3.00","240","00:28:04","154","176","3.2","173","184","9:21","7:45","91","71","1.00","0.0","0.0","0.0","0.0","0.0","0:00","0.0","0:00","No","00:01.79","4","0.0"
running,2019-06-29 08:32:59,false,"New York Running","7.31","537","00:59:48","165","196","4.3","174","239","8:11","7:08","151","174","1.13","0.0","0.0","0.0","0.0","0.0","0:00","0.0","0:00","No","02:24.68","8","0.0"
running,2019-06-26 11:37:31,false,"New York Running","4.01","314","00:34:19","163","176","3.7","170","180","8:34","7:18","92","96","1.10","0.0","0.0","0.0","0.0","0.0","0:00","0.0","0:00","No","00:03.85","5","0.0"
running,2019-06-23 19:47:48,false,"New York Running","3.01","229","00:24:53","161","175","3.2","170","181","8:16","7:34","59","20","1.14","0.0","0.0","0.0","0.0","0.0","0:00","0.0","0:00","No","00:02.21","4","0.0"
running,2019-06-21 11:10:39,false,"New York Running","4.01","313","00:34:02","159","188","3.6","173","183","8:30","7:39","143","111","1.10","0.0","0.0","0.0","0.0","0.0","0:00","0.0","0:00","No","00:02.85","5","0.0"
running,2019-06-19 11:47:43,false,"New York Running","5.81","387","00:44:50","155","172","3.6","180","200","7:43","6:41","43","33","1.16","0.0","0.0","0.0","0.0","0.0","0:00","0.0","0:00","No","06:05.50","6","0.0"
running,2019-06-16 10:52:26,false,"New York Running","1.23","106","00:12:51","152","179","2.4","171","196","10:29","7:26","--","1","0.90","0.0","0.0","0.0","0.0","0.0","0:00","0.0","0:00","No","00:01.22","4","0.0"
running,2019-06-16 10:30:03,false,"New York Running","1.01","50","00:05:54.3","155","165","1.9","193","214","5:51","5:11","11","28","1.43","0.0","0.0","0.0","0.0","0.0","0:00","0.0","0:00","No","00:02.88","2","0.0"
running,2019-06-16 08:56:42,false,"New York Running","1.05","79","00:09:24.7","152","174","2.1","173","245","8:58","6:50","23","25","1.04","0.0","0.0","0.0","0.0","0.0","0:00","0.0","0:00","No","00:25.10","2","0.0"
running,2019-06-12 20:04:05,false,"New York Running","1.12","90","00:09:27.8","170","179","2.5","171","179","8:27","7:42","--","--","1.12","0.0","0.0","0.0","0.0","0.0","0:00","0.0","0:00","No","01:00.47","2","0.0"
running,2019-06-12 19:25:32,false,"New York Running","4.41","269","00:30:34","164","179","3.6","176","197","6:56","5:38","7","7","1.31","0.0","0.0","0.0","0.0","0.0","0:00","0.0","0:00","No","00:05.69","12","0.0"
running,2019-06-10 19:02:49,false,"New York Running","4.63","323","00:41:38","145","175","3.2","174","193","9:00","6:39","72","79","1.03","0.0","0.0","0.0","0.0","0.0","0:00","0.0","0:00","No","05:13.40","5","0.0"
running,2019-06-09 19:34:08,false,"New York Running","6.00","480","00:54:52","158","177","3.9","169","179","9:09","8:07","165","168","1.04","0.0","0.0","0.0","0.0","0.0","0:00","0.0","0:00","No","00:03.16","7","0.0"
running,2019-06-08 19:01:20,false,"New York Running","3.14","196","00:21:17","164","191","3.3","175","186","6:46","6:27","28","28","1.36","0.0","0.0","0.0","0.0","0.0","0:00","0.0","0:00","No","00:54.71","4","0.0"
running,2019-06-08 18:42:54,false,"New York Running","0.95","68","00:08:00.1","154","178","2.1","173","183","8:26","7:37","20","26","1.11","0.0","0.0","0.0","0.0","0.0","0:00","0.0","0:00","No","00:00.00","1","0.0"
running,2019-06-06 19:16:43,false,"New York Running","3.11","243","00:28:11","156","173","3.2","170","239","9:04","7:49","30","30","1.05","0.0","0.0","0.0","0.0","0.0","0:00","0.0","0:00","No","01:04.54","4","0.0"
running,2019-06-05 18:07:09,false,"New York Running","5.57","381","00:43:28","158","185","4.0","177","219","7:49","4:23","114","115","1.16","0.0","0.0","0.0","0.0","0.0","0:00","0.0","0:00","No","06:20.78","6","0.0"
running,2019-06-05 12:01:52,false,"New York Running","0.61","38","00:05:15.5","136","156","1.5","172","181","8:35","7:29","--","--","1.09","0.0","0.0","0.0","0.0","0.0","0:00","0.0","0:00","No","00:00.00","1","0.0"
running,2019-06-02 10:52:35,false,"New York Running","2.41","190","00:20:13","166","191","3.3","173","188","8:24","7:37","58","41","1.11","0.0","0.0","0.0","0.0","0.0","0:00","0.0","0:00","No","03:42.16","3","0.0"
running,2019-06-02 08:09:11,false,"New York Running","2.86","220","00:22:44","170","184","3.5","180","214","7:57","6:48","86","62","1.12","0.0","0.0","0.0","0.0","0.0","0:00","0.0","0:00","No","06:39.80","3","0.0"
running,2019-06-01 13:25:19,false,"New York Running","5.01","377","00:42:09","159","188","3.9","171","183","8:25","7:49","141","141","1.12","0.0","0.0","0.0","0.0","0.0","0:00","0.0","0:00","No","00:03.32","6","0.0"
running,2019-05-31 10:40:52,false,"New York Running","5.00","390","00:44:57","156","176","3.6","170","181","8:59","7:19","103","100","1.06","0.0","0.0","0.0","0.0","0.0","0:00","0.0","0:00","No","00:02.39","6","0.0"
running,2019-05-29 09:54:06,false,"New York Running","4.31","309","00:35:45","155","187","3.5","172","184","8:18","7:35","300","292","1.13","0.0","0.0","0.0","0.0","0.0","0:00","0.0","0:00","No","02:26.99","5","0.0"
running,2019-05-27 19:37:09,false,"New York Running","5.51","424","00:49:19","155","179","3.7","170","188","8:57","8:02","159","156","1.06","0.0","0.0","0.0","0.0","0.0","0:00","0.0","0:00","No","04:31.09","6","0.0"
running,2019-05-26 12:43:13,false,"New York Running","3.11","260","00:27:44","162","180","3.5","171","180","8:54","7:28","88","56","1.05","0.0","0.0","0.0","0.0","0.0","0:00","0.0","0:00","No","01:13.55","4","0.0"
running,2019-05-25 10:42:19,false,"New York Running","2.01","164","00:17:55","159","180","3.0","177","238","8:56","7:39","37","9","1.02","0.0","0.0","0.0","0.0","0.0","0:00","0.0","0:00","No","00:02.64","3","0.0"
running,2019-05-25 09:34:42,false,"New York Running","6.14","445","00:48:30","160","185","4.2","178","250","7:54","6:29","161","168","1.14","0.0","0.0","0.0","0.0","0.0","0:00","0.0","0:00","No","01:10.48","7","0.0"
running,2019-05-23 12:35:54,false,"New York Running","4.71","324","00:36:52","159","185","3.6","175","214","7:50","5:21","106","109","1.17","0.0","0.0","0.0","0.0","0.0","0:00","0.0","0:00","No","00:20.43","20","0.0"
running,2019-05-22 11:16:41,false,"New York Running","6.21","451","00:53:31","154","174","3.6","172","187","8:37","7:49","175","178","1.09","0.0","0.0","0.0","0.0","0.0","0:00","0.0","0:00","No","01:50.12","7","0.0"
running,2019-05-20 06:49:00,false,"New York Running","4.61","318","00:35:22","161","182","3.7","175","195","7:40","6:51","30","33","1.20","0.0","0.0","0.0","0.0","0.0","0:00","0.0","0:00","No","04:31.81","5","0.0"
running,2019-05-19 12:28:10,false,"New York Running","4.31","326","00:35:35","164","181","3.9","170","188","8:15","7:08","141","115","1.15","0.0","0.0","0.0","0.0","0.0","0:00","0.0","0:00","No","02:29.54","5","0.0"
running,2019-05-18 10:34:06,false,"New York Running","0.44","29","00:03:57.2","137","147","1.3","173","182","9:03","8:35","--","14","1.03","0.0","0.0","0.0","0.0","0.0","0:00","0.0","0:00","No","00:00.00","1","0.0"
running,2019-05-18 07:50:52,false,"New York Running","5.31","424","00:41:55","173","192","5.0","176","193","7:54","6:50","113","110","1.16","0.0","0.0","0.0","0.0","0.0","0:00","0.0","0:00","No","02:09.25","6","0.0"
running,2019-05-18 07:03:37,false,"New York Running","0.30","21","00:02:34.1","145","154","1.3","174","179","8:30","8:06","--","--","1.09","0.0","0.0","0.0","0.0","0.0","0:00","0.0","0:00","No","00:00.00","1","0.0"
running,2019-05-16 20:21:44,false,"New York Running","3.54","262","00:28:19","163","181","3.6","172","193","7:59","6:51","34","34","1.17","0.0","0.0","0.0","0.0","0.0","0:00","0.0","0:00","No","04:11.68","4","0.0"
running,2019-05-15 10:16:14,false,"New York Running","6.01","477","00:52:38","160","194","4.3","171","183","8:46","7:35","147","147","1.07","0.0","0.0","0.0","0.0","0.0","0:00","0.0","0:00","No","00:03.22","7","0.0"
running,2019-05-13 19:42:54,false,"New York Running","0.51","43","00:04:18.0","173","179","2.0","168","179","8:24","1:07","--","--","1.14","0.0","0.0","0.0","0.0","0.0","0:00","0.0","0:00","No","00:00.00","1","0.0"
running,2019-05-13 19:01:25,false,"New York Running","4.52","319","00:33:17","168","186","4.0","173","235","7:22","6:14","60","62","1.26","0.0","0.0","0.0","0.0","0.0","0:00","0.0","0:00","No","03:39.49","5","0.0"
running,2019-05-11 10:33:34,false,"New York Running","0.51","47","00:04:36.8","179","187","2.2","170","183","9:02","1:52","--","12","1.05","0.0","0.0","0.0","0.0","0.0","0:00","0.0","0:00","No","00:00.00","1","0.0"
running,2019-05-11 09:33:28,false,"New York Running","6.32","417","00:45:33","166","199","4.4","177","247","7:12","5:38","161","157","1.26","0.0","0.0","0.0","0.0","0.0","0:00","0.0","0:00","No","02:15.94","7","0.0"
running,2019-05-09 11:26:06,false,"New York Running","3.61","273","00:30:42","162","179","3.5","172","235","8:30","7:25","23","165","1.10","0.0","0.0","0.0","0.0","0.0","0:00","0.0","0:00","No","04:56.77","4","0.0"
running,2019-05-08 19:01:45,false,"New York Running","4.75","342","00:38:33","160","180","3.8","169","187","8:07","6:56","127","120","1.18","0.0","0.0","0.0","0.0","0.0","0:00","0.0","0:00","No","06:08.16","5","0.0"
running,2019-05-07 12:18:31,false,"New York Running","1.01","95","00:09:58.0","171","179","2.6","170","187","9:54","8:20","--","60","0.96","0.0","0.0","0.0","0.0","0.0","0:00","0.0","0:00","No","00:02.48","2","0.0"
running,2019-05-07 11:40:11,false,"New York Running","4.01","284","00:29:21","170","193","4.2","172","188","7:19","6:21","153","63","1.27","0.0","0.0","0.0","0.0","0.0","0:00","0.0","0:00","No","00:02.43","5","0.0"
running,2019-05-05 13:47:39,false,"New York Running","7.10","555","01:00:02","166","187","4.7","171","184","8:27","7:42","164","164","1.11","0.0","0.0","0.0","0.0","0.0","0:00","0.0","0:00","No","00:56.62","8","0.0"
running,2019-05-04 15:50:30,false,"New York Running","4.01","285","00:30:57","164","190","3.8","173","193","7:43","5:29","117","119","1.20","0.0","0.0","0.0","0.0","0.0","0:00","0.0","0:00","No","00:03.23","5","0.0"
running,2019-04-29 10:21:29,false,"New York Running","3.01","242","00:26:09","164","181","3.5","172","185","8:42","7:41","33","30","1.08","0.0","0.0","0.0","0.0","0.0","0:00","0.0","0:00","No","00:02.20","4","0.0"
running,2019-04-28 12:10:19,false,"New York Running","3.01","242","00:24:22","172","190","3.7","171","185","8:06","7:14","56","93","1.16","0.0","0.0","0.0","0.0","0.0","0:00","0.0","0:00","No","00:03.03","4","0.0"
running,2019-04-28 09:03:33,false,"New York Running","2.83","186","00:21:07","157","185","3.0","174","190","7:27","6:37","117","65","1.24","0.0","0.0","0.0","0.0","0.0","0:00","0.0","0:00","No","06:09.80","3","0.0"
running,2019-04-27 11:03:07,false,"New York Running","4.00","302","00:34:44","154","182","3.5","172","187","8:40","7:19","203","196","1.08","0.0","0.0","0.0","0.0","0.0","0:00","0.0","0:00","No","00:02.57","5","0.0"
running,2019-04-25 17:50:10,false,"New York Running","1.41","114","00:11:18","174","196","3.0","169","183","8:01","6:44","27","11","1.19","0.0","0.0","0.0","0.0","0.0","0:00","0.0","0:00","No","03:17.42","2","0.0"
running,2019-04-25 17:21:31,false,"New York Running","3.52","202","00:24:24","155","187","3.1","173","204","6:56","5:07","--","14","1.34","0.0","0.0","0.0","0.0","0.0","0:00","0.0","0:00","No","00:21.08","22","0.0"
running,2019-04-24 11:57:13,false,"New York Running","3.12","231","00:27:55","150","180","3.1","171","181","8:58","7:42","31","27","1.05","0.0","0.0","0.0","0.0","0.0","0:00","0.0","0:00","No","01:06.51","4","0.0"
running,2019-04-23 19:12:19,false,"New York Running","5.11","358","00:40:54","162","186","4.0","173","249","8:00","6:37","71","123","1.16","0.0","0.0","0.0","0.0","0.0","0:00","0.0","0:00","No","00:47.14","6","0.0"
running,2019-04-21 19:43:38,false,"New York Running","4.41","372","00:42:12","160","185","3.9","171","183","9:34","8:00","141","138","0.99","0.0","0.0","0.0","0.0","0.0","0:00","0.0","0:00","No","04:25.87","5","0.0"
running,2019-04-21 09:42:59,false,"New York Running","0.61","43","00:05:37.1","140","175","1.6","173","222","9:13","8:36","5","--","1.01","0.0","0.0","0.0","0.0","0.0","0:00","0.0","0:00","No","00:00.00","1","0.0"
running,2019-04-19 19:40:57,false,"New York Running","0.86","70","00:07:31.1","167","182","2.3","173","189","8:47","7:53","10","--","1.06","0.0","0.0","0.0","0.0","0.0","0:00","0.0","0:00","No","00:00.00","1","0.0"
running,2019-04-19 19:00:40,false,"New York Running","4.45","273","00:30:51","163","178","3.6","173","235","6:56","5:24","--","--","1.33","0.0","0.0","0.0","0.0","0.0","0:00","0.0","0:00","No","00:04.28","14","0.0"
running,2019-04-17 08:26:57,false,"New York Running","6.01","484","00:53:42","160","171","4.2","173","185","8:56","7:00","152","148","1.04","0.0","0.0","0.0","0.0","0.0","0:00","0.0","0:00","No","00:02.55","7","0.0"
running,2019-04-16 17:24:22,false,"New York Running","3.51","249","00:27:07","163","182","3.5","174","187","7:44","6:42","116","81","1.20","0.0","0.0","0.0","0.0","0.0","0:00","0.0","0:00","No","03:42.73","4","0.0"
running,2019-04-14 11:30:41,false,"Boston Running","4.00","272","00:31:31","156","183","3.3","173","187","7:52","7:09","12","33","1.19","0.0","0.0","0.0","0.0","0.0","0:00","0.0","0:00","No","00:01.85","5","0.0"
running,2019-04-13 08:07:30,false,"Boston Running","3.14","156","00:20:35","147","182","2.4","181","196","6:34","5:57","5","7","1.36","0.0","0.0","0.0","0.0","0.0","0:00","0.0","0:00","No","00:49.92","4","0.0"
running,2019-04-13 07:41:31,false,"Boston Running","0.25","17","00:02:06.4","150","161","1.2","178","191","8:31","3:37","--","--","1.06","0.0","0.0","0.0","0.0","0.0","0:00","0.0","0:00","No","00:00.00","1","0.0"
running,2019-04-11 11:39:39,false,"New York Running","1.01","90","00:09:00.9","177","189","2.8","173","183","8:56","7:39","8","--","1.04","0.0","0.0","0.0","0.0","0.0","0:00","0.0","0:00","No","00:04.93","2","0.0"
running,2019-04-11 10:46:08,false,"New York Running","5.01","328","00:37:25","164","200","4.0","175","202","7:28","5:44","144","152","1.23","0.0","0.0","0.0","0.0","0.0","0:00","0.0","0:00","No","00:01.92","18","0.0"
running,2019-04-09 17:02:59,false,"New York Running","4.00","312","00:33:48","168","185","4.0","169","179","8:27","7:16","108","99","1.13","0.0","0.0","0.0","0.0","0.0","0:00","0.0","0:00","No","00:04.08","5","0.0"
running,2019-04-08 11:28:17,false,"Somerville Running","4.12","298","00:35:09","156","191","3.5","172","237","8:32","7:05","29","33","1.10","0.0","0.0","0.0","0.0","0.0","0:00","0.0","0:00","No","01:05.96","5","0.0"
running,2019-04-06 16:38:04,false,"Newfane Running","2.13","221","01:01:25","105","162","1.6","111","177","28:50","13:49","664","154","0.50","0.0","0.0","0.0","0.0","0.0","0:00","0.0","0:00","No","03:02.59","3","0.0"
running,2019-04-06 13:41:05,false,"Newfane Running","0.58","74","00:22:37","96","135","1.1","123","250","39:09","12:02","--","4","0.33","0.0","0.0","0.0","0.0","0.0","0:00","0.0","0:00","No","00:00.00","1","0.0"
running,2019-04-05 15:55:04,false,"Somerville Running","6.11","438","00:50:53","163","196","4.4","172","203","8:19","5:44","47","54","1.12","0.0","0.0","0.0","0.0","0.0","0:00","0.0","0:00","No","00:17.52","23","0.0"
running,2019-04-04 16:57:29,false,"Boston Running","3.61","261","00:30:49","157","186","3.4","172","187","8:32","7:42","74","71","1.10","0.0","0.0","0.0","0.0","0.0","0:00","0.0","0:00","No","05:05.89","4","0.0"
running,2019-04-03 18:34:34,false,"Boston Running","3.01","215","00:26:01","155","175","3.2","171","179","8:39","8:07","3","5","1.09","0.0","0.0","0.0","0.0","0.0","0:00","0.0","0:00","No","00:03.16","4","0.0"
running,2019-04-02 09:59:17,false,"New York Running","3.81","269","00:30:30","166","183","3.7","173","187","8:00","6:54","69","66","1.16","0.0","0.0","0.0","0.0","0.0","0:00","0.0","0:00","No","06:14.74","4","0.0"
running,2019-03-31 14:35:28,false,"New York Running","0.31","22","00:02:41.9","159","175","1.4","173","179","8:47","7:46","18","--","1.06","0.0","0.0","0.0","0.0","0.0","0:00","0.0","0:00","No","00:00.00","1","0.0"
running,2019-03-31 12:28:06,false,"New York Running","4.01","304","00:35:01","164","178","3.8","170","183","8:44","7:23","128","97","1.09","0.0","0.0","0.0","0.0","0.0","0:00","0.0","0:00","No","00:04.20","5","0.0"
running,2019-03-30 09:32:02,false,"New York Running","7.02","504","00:57:20","169","186","4.9","175","214","8:10","7:05","153","173","1.13","0.0","0.0","0.0","0.0","0.0","0:00","0.0","0:00","No","00:08.04","8","0.0"
running,2019-03-28 21:46:52,false,"New York Running","0.02","--","00:00:43.1","67","73","1.0","--","--","44:29","22:17","--","--","0.00","0.0","0.0","0.0","0.0","0.0","0:00","0.0","0:00","No","00:05.98","2","0.0"
running,2019-03-28 18:47:04,false,"New York Running","1.31","103","00:12:35","154","183","2.5","171","181","9:36","8:24","--","14","0.98","0.0","0.0","0.0","0.0","0.0","0:00","0.0","0:00","No","02:53.71","2","0.0"
running,2019-03-28 17:49:59,false,"New York Running","3.40","182","00:23:09","155","172","3.0","179","195","6:49","5:49","--","--","1.32","0.0","0.0","0.0","0.0","0.0","0:00","0.0","0:00","No","00:00.81","10","0.0"
running,2019-03-27 14:35:12,false,"New York Running","3.01","217","00:24:52","167","194","3.6","174","202","8:16","6:55","125","49","1.12","0.0","0.0","0.0","0.0","0.0","0:00","0.0","0:00","No","00:01.94","4","0.0"
running,2019-03-26 09:40:51,false,"New York Running","6.01","434","00:50:17","168","186","4.7","173","187","8:22","7:42","172","162","1.11","0.0","0.0","0.0","0.0","0.0","0:00","0.0","0:00","No","00:02.30","7","0.0"
running,2019-03-24 15:06:38,false,"New York Running","0.51","41","00:04:26.1","176","186","2.0","172","185","8:39","6:05","--","--","1.08","0.0","0.0","0.0","0.0","0.0","0:00","0.0","0:00","No","00:00.00","1","0.0"
running,2019-03-24 14:34:47,false,"New York Running","3.01","212","00:23:43","172","191","3.7","174","202","7:53","6:26","7","7","1.17","0.0","0.0","0.0","0.0","0.0","0:00","0.0","0:00","No","00:02.64","4","0.0"
treadmill_running,2019-03-24 14:19:08,false,"Treadmill Running","1.10","77","00:09:20.6","164","174","2.4","178","189","8:30","7:23","--","--","1.06","0.0","0.0","0.0","0.0","0.0","0:00","0.0","0:00","No","01:00.97","2","0.0"
running,2019-03-24 11:39:58,false,"New York Running","0.25","15","00:02:16.0","136","150","1.2","174","183","9:08","9:02","--","--","1.01","0.0","0.0","0.0","0.0","0.0","0:00","0.0","0:00","No","00:00.00","1","0.0"
running,2019-03-23 12:44:03,false,"New York Running","4.06","324","00:37:16","165","193","4.2","170","181","9:11","7:35","23","20","1.03","0.0","0.0","0.0","0.0","0.0","0:00","0.0","0:00","No","00:40.72","5","0.0"
running,2019-03-21 13:44:33,false,"New York Running","3.65","282","00:31:13","171","186","4.1","170","180","8:33","7:25","73","96","1.11","0.0","0.0","0.0","0.0","0.0","0:00","0.0","0:00","No","05:30.98","4","0.0"
running,2019-03-21 12:02:24,false,"New York Running","1.35","100","00:12:24","156","171","2.4","171","181","9:12","8:13","--","62","1.03","0.0","0.0","0.0","0.0","0.0","0:00","0.0","0:00","No","03:06.34","2","0.0"
running,2019-03-20 21:22:51,false,"New York Running","3.11","259","00:29:33","165","186","3.7","169","177","9:30","8:11","28","28","1.00","0.0","0.0","0.0","0.0","0.0","0:00","0.0","0:00","No","01:12.41","4","0.0"
running,2019-03-19 13:16:54,false,"New York - Running","4.31","321","00:34:26","173","193","4.4","173","187","7:59","6:41","90","100","1.16","0.0","0.0","0.0","0.0","0.0","0:00","0.0","0:00","No","02:19.34","5","0.0"
running,2019-03-18 11:01:55,false,"New York - Running","0.25","19","00:02:21.1","156","173","1.3","182","189","9:23","8:24","35","--","0.95","0.0","0.0","0.0","0.0","0.0","0:00","0.0","0:00","No","00:00.00","1","0.0"
treadmill_running,2019-03-17 15:14:36,false,"Treadmill Running","0.88","72","00:08:44.4","155","164","2.1","180","189","9:55","7:29","--","--","0.90","0.0","0.0","0.0","0.0","0.0","0:00","0.0","0:00","No","00:00.00","1","0.0"
running,2019-03-17 09:37:49,false,"New York - Running","1.01","78","00:08:39.9","169","184","2.4","175","187","8:35","7:27","7","--","1.07","0.0","0.0","0.0","0.0","0.0","0:00","0.0","0:00","No","00:02.54","2","0.0"
running,2019-03-17 07:49:32,false,"New York - Running","7.13","586","01:00:35","174","202","5.0","174","190","8:30","6:58","194","154","1.09","0.0","0.0","0.0","0.0","0.0","0:00","0.0","0:00","No","00:53.18","8","0.0"
running,2019-03-15 09:14:38,false,"New York - Running","4.12","335","00:37:18","162","183","3.8","171","177","9:03","8:11","32","36","1.04","0.0","0.0","0.0","0.0","0.0","0:00","0.0","0:00","No","01:10.55","5","0.0"
running,2019-03-14 18:59:06,false,"New York - Running","4.10","291","00:33:17","159","181","3.5","180","195","8:07","6:15","30","7","1.10","0.0","0.0","0.0","0.0","0.0","0:00","0.0","0:00","No","00:54.61","5","0.0"
running,2019-03-10 18:10:24,false,"New York - Running","3.75","263","00:30:14","161","184","3.4","175","190","8:03","6:58","99","103","1.14","0.0","0.0","0.0","0.0","0.0","0:00","0.0","0:00","No","05:58.82","4","0.0"
running,2019-03-08 12:36:13,false,"Chiyoda Ku - Running","4.00","290","00:31:52","166","190","3.9","179","202","7:58","6:02","728","849","1.13","0.0","0.0","0.0","0.0","0.0","0:00","0.0","0:00","No","00:01.66","5","0.0"
running,2019-03-06 16:39:57,false,"Osaka Shi - Running","6.13","297","00:53:02","128","157","2.2","187","240","8:39","7:17","429","431","1.00","0.0","0.0","0.0","0.0","0.0","0:00","0.0","0:00","No","01:09.67","7","0.0"
running,2019-03-05 08:22:11,false,"Shinjuku Ku - Running","0.25","20","00:02:22.7","167","177","1.5","171","177","9:28","8:03","--","--","0.99","0.0","0.0","0.0","0.0","0.0","0:00","0.0","0:00","No","00:00.00","1","0.0"
running,2019-03-05 07:47:52,false,"Shinjuku Ku - Running","3.01","193","00:22:36","162","182","3.2","174","195","7:30","6:03","324","281","1.23","0.0","0.0","0.0","0.0","0.0","0:00","0.0","0:00","No","00:05.31","4","0.0"
running,2019-03-03 13:49:18,false,"Shinjuku Ku - Running","0.57","38","00:05:02.9","145","164","1.6","176","213","8:51","7:49","--","43","1.03","0.0","0.0","0.0","0.0","0.0","0:00","0.0","0:00","No","00:00.00","1","0.0"
running,2019-03-03 10:28:30,false,"Shinjuku Ku - Running","6.48","491","00:54:40","169","206","4.5","174","199","8:26","6:44","792","853","1.09","0.0","0.0","0.0","0.0","0.0","0:00","0.0","0:00","No","04:05.08","7","0.0"
running,2019-02-26 08:44:40,false,"New York Running","4.01","307","00:33:07","169","189","4.1","177","191","8:16","6:31","148","125","1.10","0.0","0.0","0.0","0.0","0.0","0:00","0.0","0:00","No","08:03.11","5","0.0"
running,2019-02-25 13:22:01,false,"New York Running","4.71","357","00:38:23","168","193","4.5","184","197","8:09","7:22","111","110","1.08","0.0","0.0","0.0","0.0","0.0","0:00","0.0","0:00","No","07:53.20","5","0.0"
running,2019-02-23 10:19:05,false,"New York Running","3.71","313","00:31:39","175","193","4.4","176","188","8:31","7:35","69","86","1.07","0.0","0.0","0.0","0.0","0.0","0:00","0.0","0:00","No","08:13.15","4","0.0"
running,2019-02-23 08:04:06,false,"New York Running","2.39","194","00:20:22","170","192","3.5","180","195","8:31","2:54","121","79","1.05","0.0","0.0","0.0","0.0","0.0","0:00","0.0","0:00","No","08:17.31","3","0.0"
running,2019-02-20 12:18:26,false,"New York Running","4.83","351","00:40:02","159","186","4.0","180","192","8:17","7:22","90","143","1.08","0.0","0.0","0.0","0.0","0.0","0:00","0.0","0:00","No","07:53.57","5","0.0"
running,2019-02-17 11:44:45,false,"New York Running","5.31","385","00:42:28","164","201","4.7","177","195","8:00","6:42","105","166","1.14","0.0","0.0","0.0","0.0","0.0","0:00","0.0","0:00","No","07:26.76","6","0.0"
running,2019-02-14 19:36:11,false,"New York Running","3.13","208","00:23:20","167","183","3.8","179","195","7:27","6:18","10","21","1.21","0.0","0.0","0.0","0.0","0.0","0:00","0.0","0:00","No","07:09.35","4","0.0"
running,2019-02-10 19:11:50,false,"New York Running","2.21","171","00:19:33","161","179","3.4","171","179","8:50","7:21","14","11","1.06","0.0","0.0","0.0","0.0","0.0","0:00","0.0","0:00","No","08:05.05","3","0.0"
running,2019-02-05 10:45:22,false,"New York Running","4.01","311","00:33:35","168","195","4.8","173","185","8:23","7:19","204","207","1.11","0.0","0.0","0.0","0.0","0.0","0:00","0.0","0:00","No","08:04.47","5","0.0"
running,2019-02-03 11:53:47,false,"New York Running","2.01","177","00:18:16","174","187","3.9","173","184","9:06","6:47","21","36","1.02","0.0","0.0","0.0","0.0","0.0","0:00","0.0","0:00","No","09:01.82","3","0.0"
running,2019-02-03 11:01:09,false,"New York Running","4.01","328","00:32:50","173","196","5.0","172","179","8:11","7:23","24","33","1.14","0.0","0.0","0.0","0.0","0.0","0:00","0.0","0:00","No","07:55.46","5","0.0"
treadmill_running,2019-01-31 09:56:51,false,"Treadmill Running","2.16","183","00:20:27","159","175","3.4","162","176","9:27","8:19","--","--","1.05","0.0","0.0","0.0","0.0","0.0","0:00","0.0","0:00","No","09:17.64","3","0.0"
running,2019-01-27 13:02:44,false,"Viña del Mar Running","4.01","306","00:34:13","160","179","4.2","171","190","8:33","7:42","85","92","1.10","0.0","0.0","0.0","0.0","0.0","0:00","0.0","0:00","No","00:00.00","5","0.0"
running,2019-01-14 09:57:09,false,"New York Running","1.01","72","00:08:23.4","154","168","2.1","176","183","8:19","7:16","8","8","1.10","0.0","0.0","0.0","0.0","0.0","0:00","0.0","0:00","No","00:00.00","2","0.0"
running,2019-01-09 12:11:45,false,"New York Running","4.00","293","00:33:13","158","180","3.6","174","246","8:18","7:34","91","94","1.11","0.0","0.0","0.0","0.0","0.0","0:00","0.0","0:00","No","00:00.00","5","0.0"
running,2019-01-04 10:16:08,false,"New York Running","4.22","354","00:38:44","160","185","3.9","172","193","9:11","7:49","91","91","1.02","0.0","0.0","0.0","0.0","0.0","0:00","0.0","0:00","No","00:00.00","5","0.0"
running,2019-01-01 00:00:00,false,"New York Running","4.07","227","00:28:54","146","161","3.0","175","196","7:06","6:03","118","124","1.30","0.0","0.0","0.0","--","0.0","0:00","0.0","0:00","No","00:00.00","5","0.0"
running,2018-12-27 11:06:03,false,"New York Running","4.11","307","00:35:17","162","188","3.7","172","193","8:35","7:21","89","92","1.09","0.0","0.0","0.0","0.0","0.0","0:00","0.0","0:00","No","00:00.00","5","0.0"
running,2018-12-25 09:23:24,false,"New York Running","8.11","645","01:09:52","168","188","5.0","173","187","8:37","7:07","191","197","1.08","0.0","0.0","0.0","0.0","0.0","0:00","0.0","0:00","No","00:00.00","9","0.0"
running,2018-12-23 11:59:20,false,"New York Running","0.31","31","00:02:58.8","181","193","2.0","171","176","9:38","8:49","--","--","0.98","0.0","0.0","0.0","0.0","0.0","0:00","0.0","0:00","No","00:00.00","1","0.0"
running,2018-12-23 11:05:38,false,"New York Running","5.01","361","00:39:23","168","188","4.3","172","187","7:52","6:47","134","137","1.19","0.0","0.0","0.0","0.0","0.0","0:00","0.0","0:00","No","00:00.00","6","0.0"
running,2018-12-19 11:56:45,false,"New York Running","3.12","240","00:28:12","157","176","3.3","171","230","9:03","7:44","64","55","1.04","0.0","0.0","0.0","0.0","0.0","0:00","0.0","0:00","No","00:00.00","4","0.0"
running,2018-12-16 14:16:14,false,"New York Running","10.01","751","01:21:08","169","187","5.0","175","199","8:06","6:47","47","52","1.13","0.0","0.0","0.0","0.0","0.0","0:00","0.0","0:00","No","00:00.00","11","0.0"
running,2018-12-15 12:33:09,false,"New York Running","5.61","406","00:46:33","162","179","4.1","172","193","8:18","7:01","82","14","1.12","0.0","0.0","0.0","0.0","0.0","0:00","0.0","0:00","No","00:00.00","6","0.0"
running,2018-12-13 19:33:43,false,"New York Running","4.51","316","00:35:38","165","190","4.0","174","214","7:54","4:45","175","188","1.17","0.0","0.0","0.0","0.0","0.0","0:00","0.0","0:00","No","00:00.00","5","0.0"
running,2018-12-12 07:55:45,false,"New York Running","5.01","385","00:41:32","170","187","4.5","173","185","8:17","7:28","176","129","1.12","0.0","0.0","0.0","0.0","0.0","0:00","0.0","0:00","No","00:00.00","6","0.0"
running,2018-12-11 11:41:22,false,"New York Running","6.01","444","00:48:05","170","194","4.8","172","184","8:00","6:37","140","143","1.17","0.0","0.0","0.0","0.0","0.0","0:00","0.0","0:00","No","00:00.00","7","0.0"
running,2018-12-10 16:15:14,false,"New York Running","1.12","88","00:09:43.5","166","177","2.5","169","180","8:39","7:53","18","20","1.10","0.0","0.0","0.0","0.0","0.0","0:00","0.0","0:00","No","00:00.00","2","0.0"
running,2018-12-10 15:45:31,false,"New York Running","3.01","190","00:22:02","164","178","3.2","179","213","7:19","6:13","463","469","1.23","0.0","0.0","0.0","0.0","0.0","0:00","0.0","0:00","No","00:00.00","4","0.0"
running,2018-12-07 11:33:08,false,"San Francisco Running","4.01","297","00:37:21","153","185","3.3","172","183","9:19","7:09","336","326","1.01","0.0","0.0","0.0","0.0","0.0","0:00","0.0","0:00","No","00:00.00","5","0.0"
running,2018-12-06 09:57:18,false,"Brookings Running","6.21","510","00:55:45","168","191","4.9","173","181","8:58","8:16","434","446","1.04","0.0","0.0","0.0","0.0","0.0","0:00","0.0","0:00","No","00:00.00","7","0.0"
running,2018-12-04 10:59:27,false,"Brookings Running","6.01","446","00:52:21","162","182","4.3","175","217","8:43","7:51","462","474","1.06","0.0","0.0","0.0","0.0","0.0","0:00","0.0","0:00","No","00:00.00","7","0.0"
running,2018-12-03 13:41:02,false,"Brookings Running","5.01","373","00:43:08","161","179","3.9","170","180","8:37","7:49","432","434","1.10","0.0","0.0","0.0","0.0","0.0","0:00","0.0","0:00","No","00:00.00","6","0.0"
running,2018-12-02 09:16:22,false,"Oakland Running","10.41","732","01:27:05","162","190","4.7","172","185","8:22","7:46","50","137","1.12","0.0","0.0","0.0","0.0","0.0","0:00","0.0","0:00","No","00:00.00","11","0.0"
running,2018-11-30 19:26:13,false,"Oakland Running","1.31","106","00:11:27","169","185","2.7","171","183","8:45","8:00","--","11","1.07","0.0","0.0","0.0","0.0","0.0","0:00","0.0","0:00","No","00:00.00","2","0.0"
running,2018-11-30 18:27:10,false,"Oakland Running","6.01","434","00:47:35","170","188","4.7","171","239","7:55","6:28","37","114","1.19","0.0","0.0","0.0","0.0","0.0","0:00","0.0","0:00","No","00:00.00","7","0.0"
running,2018-11-28 08:19:48,false,"Sacramento Running","4.01","311","00:34:34","166","185","3.9","171","179","8:37","7:51","12","21","1.09","0.0","0.0","0.0","0.0","0.0","0:00","0.0","0:00","No","00:00.00","6","0.0"
running,2018-11-27 11:11:34,false,"New York Running","0.31","31","00:03:11.4","178","185","1.9","168","176","10:21","2:10","--","--","0.92","0.0","0.0","0.0","0.0","0.0","0:00","0.0","0:00","No","00:00.00","1","0.0"
running,2018-11-27 09:57:02,false,"New York Running","8.01","668","01:04:49","179","196","5.0","172","183","8:06","7:29","175","178","1.15","0.0","0.0","0.0","0.0","0.0","0:00","0.0","0:00","No","00:00.00","9","0.0"
running,2018-11-25 12:31:57,false,"New York Running","3.01","245","00:26:10","165","179","3.4","171","240","8:42","7:02","75","--","1.08","0.0","0.0","0.0","0.0","0.0","0:00","0.0","0:00","No","00:00.00","4","0.0"
running,2018-11-25 11:18:22,false,"New York Running","6.32","418","00:45:25","169","188","4.4","178","199","7:11","6:00","20","46","1.26","0.0","0.0","0.0","0.0","0.0","0:00","0.0","0:00","No","00:00.00","7","0.0"
running,2018-11-24 10:26:59,false,"New York Running","6.11","477","00:51:55","167","188","4.7","172","202","8:30","5:46","179","131","1.10","0.0","0.0","0.0","0.0","0.0","0:00","0.0","0:00","No","00:00.00","7","0.0"
running,2018-11-22 10:25:24,false,"New York Running","7.01","513","01:00:31","160","184","4.0","173","189","8:38","7:30","244","231","1.08","0.0","0.0","0.0","0.0","0.0","0:00","0.0","0:00","No","00:00.00","8","0.0"
running,2018-11-21 11:52:47,false,"New York Running","1.05","75","00:08:47.5","159","187","2.2","178","191","8:23","7:36","28","--","1.07","0.0","0.0","0.0","0.0","0.0","0:00","0.0","0:00","No","00:00.00","2","0.0"
running,2018-11-21 10:37:57,false,"New York Running","4.18","252","00:30:55","154","180","3.3","180","236","7:24","5:38","3","39","1.20","0.0","0.0","0.0","0.0","0.0","0:00","0.0","0:00","No","00:00.00","17","0.0"
running,2018-11-19 19:55:25,false,"New York Running","3.81","276","00:32:47","157","184","3.4","170","177","8:36","7:08","86","86","1.10","0.0","0.0","0.0","0.0","0.0","0:00","0.0","0:00","No","00:00.00","4","0.0"
running,2018-11-17 16:57:26,false,"New York Running","4.41","319","00:38:04","156","187","3.6","172","184","8:37","7:39","138","95","1.08","0.0","0.0","0.0","0.0","0.0","0:00","0.0","0:00","No","00:00.00","5","0.0"
running,2018-11-17 16:01:18,false,"New York Running","3.27","216","00:26:42","155","171","3.1","175","187","8:10","7:03","88","33","1.13","0.0","0.0","0.0","0.0","0.0","0:00","0.0","0:00","No","00:00.00","4","0.0"
running,2018-11-16 17:54:26,false,"New York Running","4.01","306","00:42:37","143","187","3.0","171","241","10:38","8:04","283","280","0.89","0.0","0.0","0.0","0.0","0.0","0:00","0.0","0:00","No","00:00.00","5","0.0"
running,2018-11-15 10:29:02,false,"New York Running","2.01","154","00:18:25","157","175","2.9","172","182","9:09","8:13","186","161","1.02","0.0","0.0","0.0","0.0","0.0","0:00","0.0","0:00","No","00:00.00","3","0.0"
running,2018-11-15 09:39:33,false,"New York Running","5.21","318","00:39:01","159","176","3.7","178","225","7:30","6:13","38","62","1.21","0.0","0.0","0.0","0.0","0.0","0:00","0.0","0:00","No","00:00.00","6","0.0"
running,2018-11-13 18:10:03,false,"New York Running","6.01","469","00:56:52","159","188","4.3","173","224","9:28","7:51","181","133","0.98","0.0","0.0","0.0","0.0","0.0","0:00","0.0","0:00","No","00:00.00","11","0.0"
running,2018-11-11 09:40:24,false,"New York Running","6.01","466","00:50:09","172","191","5.0","177","199","8:21","5:45","164","118","1.09","0.0","0.0","0.0","0.0","0.0","0:00","0.0","0:00","No","00:00.00","7","0.0"
running,2018-11-08 17:57:28,false,"New York Running","3.11","225","00:26:26","161","182","3.4","171","183","8:30","7:32","108","108","1.11","0.0","0.0","0.0","0.0","0.0","0:00","0.0","0:00","No","00:00.00","4","0.0"
running,2018-11-07 11:48:22,false,"New York Running","4.51","360","00:40:37","166","183","4.2","173","181","9:01","7:51","116","116","1.03","0.0","0.0","0.0","0.0","0.0","0:00","0.0","0:00","No","00:00.00","5","0.0"
running,2018-11-06 12:57:10,false,"New York Running","1.00","94","00:19:08","115","135","1.4","120","129","19:06","13:30","--","6","0.70","0.0","0.0","0.0","0.0","0.0","0:00","0.0","0:00","No","00:00.00","2","0.0"
running,2018-11-04 09:54:16,false,"New York Running","26.24","1,543","03:41:25","160","193","5.0","173","187","8:26","7:06","581","598","1.10","0.0","0.0","0.0","0.0","0.0","0:00","0.0","0:00","No","00:00.00","27","0.0"
running,2018-11-03 08:54:29,false,"New York Running","0.11","5","00:01:10.1","112","155","1.0","173","177","10:40","9:18","--","--","0.87","0.0","0.0","0.0","0.0","0.0","0:00","0.0","0:00","No","00:00.00","1","0.0"
running,2018-11-01 10:27:49,false,"New York Running","4.00","291","00:33:22","164","182","3.9","171","187","8:20","7:25","92","89","1.13","0.0","0.0","0.0","0.0","0.0","0:00","0.0","0:00","No","00:00.00","5","0.0"
running,2018-10-30 09:21:53,false,"New York Running","4.01","298","00:32:23","172","187","4.4","173","191","8:05","6:14","37","39","1.15","0.0","0.0","0.0","0.0","0.0","0:00","0.0","0:00","No","00:00.00","5","0.0"
running,2018-10-28 09:23:41,false,"New York Running","4.01","314","00:36:42","163","194","3.9","173","181","9:10","7:29","141","95","1.02","0.0","0.0","0.0","0.0","0.0","0:00","0.0","0:00","No","00:00.00","5","0.0"
running,2018-10-27 08:39:20,false,"New York Running","8.01","601","01:06:41","172","186","5.0","174","193","8:20","7:04","100","164","1.11","0.0","0.0","0.0","0.0","0.0","0:00","0.0","0:00","No","00:00.00","9","0.0"
running,2018-10-25 15:04:57,false,"New York Running","5.71","468","00:51:00","170","191","5.0","172","182","8:56","4:36","828","806","1.05","0.0","0.0","0.0","0.0","0.0","0:00","0.0","0:00","No","00:00.00","6","0.0"
running,2018-10-24 09:35:01,false,"New York Running","3.11","251","00:27:49","167","183","3.6","169","175","8:56","8:06","22","22","1.07","0.0","0.0","0.0","0.0","0.0","0:00","0.0","0:00","No","00:00.00","4","0.0"
running,2018-10-23 18:28:21,false,"New York Running","2.01","164","00:17:50","168","183","3.1","168","177","8:53","7:22","82","10","1.08","0.0","0.0","0.0","0.0","0.0","0:00","0.0","0:00","No","00:00.00","3","0.0"
running,2018-10-23 17:47:30,false,"New York Running","4.21","264","00:31:11","163","190","3.8","172","183","7:25","6:23","6","32","1.26","0.0","0.0","0.0","0.0","0.0","0:00","0.0","0:00","No","00:00.00","5","0.0"
running,2018-10-21 09:09:43,false,"New York Running","10.61","784","01:25:28","175","195","5.0","176","194","8:03","6:51","255","230","1.13","0.0","0.0","0.0","0.0","0.0","0:00","0.0","0:00","No","00:00.00","12","0.0"
running,2018-10-20 12:16:45,false,"New York Running","3.12","231","00:25:59","166","195","3.7","171","239","8:20","7:33","104","56","1.13","0.0","0.0","0.0","0.0","0.0","0:00","0.0","0:00","No","00:00.00","4","0.0"
running,2018-10-18 08:50:59,false,"New York Running","5.71","440","00:46:30","174","194","5.0","177","195","8:09","6:55","137","134","1.11","0.0","0.0","0.0","0.0","0.0","0:00","0.0","0:00","No","00:00.00","7","0.0"
running,2018-10-16 09:06:51,false,"New York Running","6.21","468","00:53:48","168","203","4.9","171","177","8:40","7:49","139","146","1.09","0.0","0.0","0.0","0.0","0.0","0:00","0.0","0:00","No","00:00.00","7","0.0"
running,2018-10-14 17:02:27,false,"New York Running","1.11","76","00:09:22.4","157","174","2.2","170","179","8:25","7:45","13","14","1.13","0.0","0.0","0.0","0.0","0.0","0:00","0.0","0:00","No","00:00.00","2","0.0"
running,2018-10-14 16:33:47,false,"New York Running","2.01","163","00:16:06","183","194","3.7","177","191","8:01","4:49","26","87","1.14","0.0","0.0","0.0","0.0","0.0","0:00","0.0","0:00","No","00:00.00","3","0.0"
running,2018-10-14 16:14:24,false,"New York Running","2.01","141","00:14:05","183","196","3.5","182","204","7:01","5:48","51","19","1.26","0.0","0.0","0.0","0.0","0.0","0:00","0.0","0:00","No","00:00.00","3","0.0"
running,2018-10-14 16:04:26,false,"New York Running ","1.01","72","00:08:25.1","164","193","2.4","--","--","8:19","6:47","7","--","0.00","0.0","0.0","0.0","0.0","0.0","0:00","0.0","0:00","No","00:00.00","1","0.0"
running,2018-10-13 11:43:28,false,"New York Running","3.51","260","00:29:39","168","191","3.9","173","180","8:27","7:40","122","72","1.10","0.0","0.0","0.0","0.0","0.0","0:00","0.0","0:00","No","00:00.00","4","0.0"
running,2018-10-10 19:06:58,false,"New York Running","3.11","252","00:30:54","157","172","3.4","168","175","9:56","8:46","136","81","0.96","0.0","0.0","0.0","0.0","0.0","0:00","0.0","0:00","No","00:00.00","4","0.0"
running,2018-10-07 07:41:11,false,"Chicago Running","26.55","1,805","03:57:29","165","187","5.0","169","249","8:57","7:02","102","102","1.06","0.0","0.0","0.0","0.0","0.0","0:00","0.0","0:00","No","00:00.00","27","0.0"
running,2018-10-04 08:37:31,false,"New York Running","4.72","366","00:41:22","169","195","4.5","178","189","8:46","7:49","66","75","1.03","0.0","0.0","0.0","0.0","0.0","0:00","0.0","0:00","No","00:00.00","5","0.0"
running,2018-10-02 09:12:12,false,"New York Running","5.51","450","00:46:31","177","201","5.0","172","194","8:27","6:04","235","232","1.10","0.0","0.0","0.0","0.0","0.0","0:00","0.0","0:00","No","00:00.00","6","0.0"
